<?xml version="1.0" encoding="UTF-8" standalone="yes"?>
<addon id="repository.theloop" name="The Loop Repository" version="1.0.0" provider-name="Munkee">
  <extension point="xbmc.addon.repository" name="The Loop Repository">
    <info compressed="false">https://prj456.github.io/theloop-repo2/addons.xml</info>
    <checksum>https://prj456.github.io/theloop-repo2/addons.xml.md5</checksum>
    <datadir>https://prj456.github.io/theloop-repo2/</datadir>
  </extension>
  <extension point="xbmc.addon.metadata">
    <summary lang="en_GB">Repository for The Loop addon</summary>
    <platform>all</platform>
  </extension>
</addon>
